<?xml version="1.0" encoding="UTF-8"?>
<!DOCTYPE module PUBLIC "-//Puppy Crawl//DTD Check Configuration 1.1//EN" "http://www.puppycrawl.com/dtds/configuration_1_1.dtd">
<module name="Checker">
    <module name="SuppressionFilter">
        <property name="file" value="C:\suppressions.xml"/>
    </module>
    <module name="TreeWalker">
        <!-- misc -->
        <module name="ArrayTypeStyle" />
        <module name="UpperEll"/>

        <!-- blocks -->
        <module name="AvoidNestedBlocks"/>
        <module name="EmptyBlock">
            <property name="option" value="stmt"/>
        </module>
        <module name="LeftCurly">
            <property name="option" value="nl"/>
            <property name="maxLineLength" value="80"/>
        </module>
        <module name="RightCurly">
            <property name="option" value="alone"/>            
        </module>

        <!-- coding -->
        <module name="EmptyStatement" />
        <module name="HiddenField"/>
        <module name="IllegalCatch"/>
        <module name="InnerAssignment">
            <property name="tokens" value="ASSIGN, BAND_ASSIGN, BOR_ASSIGN, BSR_ASSIGN, BXOR_ASSIGN, DIV_ASSIGN, MINUS_ASSIGN, MOD_ASSIGN, PLUS_ASSIGN, SL_ASSIGN, SR_ASSIGN, STAR_ASSIGN"/>
        </module>
        <module name="MagicNumber" />
        <module name="MissingSwitchDefault" />
        <module name="SimplifyBooleanExpression"/>
        <module name="SimplifyBooleanReturn"/>
        <module name="StringLiteralEquality"/>

	   <!-- design -->
	   <module name="VisibilityModifier"/>

        <!-- imports -->
        <module name="AvoidStarImport"/>
        <module name="RedundantImport"/>
        <module name="UnusedImports"/>

        <!-- indentation -->
        <module name="Indentation">
            <property name="basicOffset" value="3"/>
        </module>

        <!-- javadoc -->
        <module name="JavadocMethod">
            <property name="allowUndeclaredRTE" value="false"/>
            <property name="scope" value="private"/>            
        </module>
        <module name="JavadocStyle"/>
        <module name="JavadocType">
            <property name="scope" value="private"/>
        </module>
         
        <!-- naming -->
        <module name="ConstantName">
            <property name="format" value="^[A-Z](_?[A-Z0-9]+)*$"/>             
        </module>
        <module name="LocalFinalVariableName">
            <property name="format" value="^[A-Z][A-Z0-9_]*$"/>
        </module>
        <module name="LocalVariableName">
            <property name="format" value="^[a-z][a-zA-Z0-9_]*$"/>
        </module>
        <module name="MemberName">
            <property name="format" value="^[a-z][a-zA-Z0-9]*$"/>
        </module>
        <module name="MethodName">
            <property name="format" value="^[a-z][a-zA-Z0-9]*$"/>             
        </module>
        <module name="PackageName">
            <property name="format" value="^[a-z]+[a-zA-Z_0-9]*(\.[a-zA-Z_][a-zA-Z_0-9]*)*$"/>
        </module>
        <module name="ParameterName">
        </module>
        <module name="StaticVariableName">
            <property name="format" value="^[a-z][a-zA-Z0-9_]*$"/>
        </module>
        <module name="TypeName">
            <property name="format" value="^[A-Z][a-zA-Z0-9]*$"/>
        </module>

        <!-- sizes -->
        <module name="FileLength">
            <property name="max" value="1500"/>
        </module>
        <module name="LineLength">
            <property name="tabWidth" value="3"/>
            <property name="ignorePattern" value="^$"/>
            <property name="max" value="80"/>            
        </module>
        <module name="MethodLength">
            <property name="countEmpty" value="false"/>
            <property name="max" value="30"/>            
        </module>
        <module name="ParameterNumber">
            <property name="max" value="7"/>            
        </module>

        <!-- usage -->
        <module name="usage.OneMethodPrivateField"/>
        <module name="usage.UnusedLocalVariable"/>
        <module name="usage.UnusedPrivateField"/>
        <module name="usage.UnusedPrivateMethod"/>

        <!-- whitespace -->
        <module name="NoWhitespaceAfter">
            <property name="allowLineBreaks" value="true"/>
            <property name="tokens" value="ARRAY_INIT, BNOT, DEC, DOT, INC, LNOT, UNARY_MINUS, UNARY_PLUS"/>            
        </module>
        <module name="NoWhitespaceBefore">
            <property name="allowLineBreaks" value="true"/>
            <property name="tokens" value="SEMI, POST_DEC, POST_INC"/>
        </module>
        <module name="OperatorWrap">
            <property name="option" value="nl"/>
        </module>
        <module name="ParenPad">
            <property name="option" value="nospace"/>
        </module>
        <module name="TabCharacter"/>
	   <module name="TypecastParenPad"/>
        <module name="WhitespaceAfter">
            <property name="tokens" value="COMMA, SEMI"/>
        </module>
        <module name="WhitespaceAround">
            <property name="tokens" value="ASSIGN, BAND, BAND_ASSIGN, BOR, BOR_ASSIGN, BSR, BSR_ASSIGN, BXOR, BXOR_ASSIGN, COLON, DIV, DIV_ASSIGN, EQUAL, GE, GT, LAND, LCURLY, LE, LITERAL_ASSERT, LITERAL_CATCH, LITERAL_DO, LITERAL_ELSE, LITERAL_FINALLY, LITERAL_FOR, LITERAL_IF, LITERAL_RETURN, LITERAL_SYNCHRONIZED, LITERAL_TRY, LITERAL_WHILE, LOR, LT, MINUS, MINUS_ASSIGN, MOD, MOD_ASSIGN, NOT_EQUAL, PLUS, PLUS_ASSIGN, QUESTION, RCURLY, SL, SLIST, SL_ASSIGN, SR, SR_ASSIGN, STAR, STAR_ASSIGN"/>
        </module>
        
    </module>
</module>
